tracker_page,job_title,company,location,workplace_type,applied_date_relative,posting_or_availability,visible_activity
1,Forward Deployed Marketing Engineer,Block+Tackle,Atlanta Metropolitan Area,Hybrid,3d ago,Posted 1mo ago,
1,GTM Engineer,Uncapped,"Atlanta, GA",Remote,3d ago,Posted 1w ago,
1,Founding GTM,Doomers AI,San Francisco Bay Area,Remote,4w ago,No longer accepting applications,
1,GTM Engineer,Fractional Demand,"Lehi, UT",Remote,4w ago,Posted 1mo ago,
1,GTM Engineer,Owner.com,United States,Remote,1mo ago,Posted 1mo ago,
1,Revenue Operations (RevOps) Specialist,Ailytics,APAC,Remote,1mo ago,No longer accepting applications,
1,Senior Forward Deployed Engineer,Elios,"Atlanta, GA",Hybrid,1mo ago,No longer accepting applications,
1,Founding GTM,Baton AI,"San Francisco, CA",On-site,1mo ago,No longer accepting applications,
1,GTM,Massive,San Francisco Bay Area,Remote,1mo ago,No longer accepting applications,Application viewed
1,Founding GTM,Coverwatch,San Francisco Bay Area,On-site,1mo ago,No longer accepting applications,
2,GTM Engineer,HartleyCo,San Francisco Bay Area,On-site,1mo ago,No longer accepting applications,
2,"GTM Engineer, Agents",Light Labs,"Austin, Texas Metropolitan Area",On-site,1mo ago,Posted 4mo ago,
2,GTM Engineer,talentpluto,"New York, NY",On-site,1mo ago,No longer accepting applications,
2,Growth Lead,Taste Labs,"San Francisco, CA",On-site,1mo ago,No longer accepting applications,
2,AI GTM Engineer,Logicbroker,United States,Remote,1mo ago,No longer accepting applications,
2,Founding GTM Engineer,"Method Recruiting, a 3x Inc. 5000 company","San Francisco, CA",On-site,1mo ago,No longer accepting applications,
2,Go-To-Market Growth Engineer,Sidepocket,"San Francisco, CA",On-site,1mo ago,No longer accepting applications,Application viewed
2,Go-to-Market Engineer,talentpluto,United States,Remote,1mo ago,No longer accepting applications,
2,Lead Sales and Product Engineer,The Biological Computing Co. (TBC),"San Francisco, CA",On-site,1mo ago,No longer accepting applications,Resume downloaded
3,Lead GTM Engineer,Listen,"New York, NY",On-site,1mo ago,No longer accepting applications,
3,"GTM, Emerging Products",Anyspere Inc.,"San Francisco, CA",,1mo ago,No longer accepting applications,
3,Founding GTM Engineer,Human Delta,"San Francisco, CA",On-site,1mo ago,Posted 5mo ago,Application viewed
3,Growth Lead,Nudge AI,"San Francisco, CA",On-site,1mo ago,Reposted 4mo ago,
3,Founding GTM,Entelligence.AI,San Francisco Bay Area,On-site,1mo ago,No longer accepting applications,
3,Founding Sales / GTM,Duckbill,United States,Remote,1mo ago,Posted 1mo ago,
3,GTM Sales Lead,Company.ai,San Francisco Bay Area,Remote,1mo ago,No longer accepting applications,
3,GTM Lead,Inworld AI,United States,Remote,1mo ago,Reposted 2w ago,
3,Micro-SaaS Launch & Growth Engineer,TechLinkSphere,United States,Remote,1mo ago,No longer accepting applications,Application viewed
3,"Sales Development Representative - Atlanta, GA",Hermetic AI,"Atlanta, GA",Hybrid,2mo ago,No longer accepting applications,
4,Deployment Strategist,Hippocratic AI,United States,Remote,2mo ago,No longer accepting applications,
4,Go-To-Market Lead,Robert Half,New York City Metropolitan Area,Remote,2mo ago,No longer accepting applications,Application viewed
4,Founding GTM Lead,Melavex,United States,Remote,2mo ago,No longer accepting applications,Application viewed
4,Founding GTM Strategy,Roc Search,San Francisco Bay Area,On-site,2mo ago,No longer accepting applications,Application viewed
4,GTM Engineer,Jobgether,United States,Remote,2mo ago,No longer accepting applications,
4,Go-to-Market (GTM) Strategy Analyst,SentiLink,"Seattle, WA",Remote,2mo ago,No longer accepting applications,
4,"AI Factory, Value Engineer",Armanino,"Chicago, IL",Remote,2mo ago,No longer accepting applications,
4,Forward Deployed Engineer,HorizonAI Talent,United States,Remote,2mo ago,No longer accepting applications,Application viewed
4,Sales Engineer,Hartfiel Automation,"Atlanta, GA",On-site,2mo ago,No longer accepting applications,Resume downloaded
4,AI Training and Adoption Consultant,Franklin Fitch,"Atlanta, GA",Hybrid,2mo ago,No longer accepting applications,
5,Sales Engineer,Ritz Instrument Transformers USA,"Waynesboro, GA",,2mo ago,No longer accepting applications,
5,Growth Lead - User Acquisition,DripShop,United States,Remote,2mo ago,No longer accepting applications,Application viewed
5,GTM Engineer,TrueBuilt,United States,Remote,2mo ago,No longer accepting applications,
5,Technical Sales Engineer,Durham Geo Slope Indicator (DGSI),"Tucker, GA",Hybrid,2mo ago,No longer accepting applications,
5,Systems Engineering and Sales,The Vincit Group,"Chattanooga, TN",Hybrid,2mo ago,No longer accepting applications,
5,"Technical Operations Engineer, Laser Effects",Anduril Industries,"Atlanta, GA",,2mo ago,Reposted 1w ago,
5,Founding Growth Lead,RTScale AI,United States,Remote,2mo ago,No longer accepting applications,
5,GTM Engineer | Remote (US),Greenway Collins,United States,Remote,2mo ago,No longer accepting applications,Resume downloaded
5,GTM Engineer,SOLAYA,United States,Remote,2mo ago,No longer accepting applications,
5,GTM Engineer,GridBank,United States,Remote,2mo ago,No longer accepting applications,
6,Forward Deployed Engineer (FDA Applied AI / GenAI),Evolution USA,United States,Remote,2mo ago,No longer accepting applications,Application viewed
6,AI Engineer,Jobright.ai,United States,Remote,2mo ago,No longer accepting applications,
6,Forward Deployed Engineer,Scout Global,"Austin, TX",Remote,2mo ago,No longer accepting applications,
6,Sr. Forward Deployed Engineer,Vi,United States,Remote,2mo ago,No longer accepting applications,Application viewed
6,Senior GTM Enablement Specialist,Lyra Health,United States,Remote,2mo ago,No longer accepting applications,
6,GTM Engineer,Huzzle.com,United States,Remote,2mo ago,Posted 2mo ago,
6,Founding GTM Engineer,The Hog (YC F25),San Francisco Bay Area,Hybrid,2mo ago,No longer accepting applications,Resume downloaded
6,Founding Sales - AI Generic,IntelliPro,United States,Remote,2mo ago,No longer accepting applications,Application viewed
6,Sales Engineer,Adaptive6,United States,Remote,2mo ago,No longer accepting applications,
6,Revenue Operations & Business Development,MAJC,United States,Remote,2mo ago,No longer accepting applications,
7,GTM Engineer,4MindsAI Inc.,"Dallas, TX",Remote,2mo ago,No longer accepting applications,
7,"Lead, Agentic Operations + GTM Engineering",RevSpring,"Atlanta, GA",,2mo ago,No longer accepting applications,
7,Senior Solutions Engineer,Kognitos,United States,Remote,2mo ago,No longer accepting applications,
7,GTM Engineer,"Cloudflare, Inc.",United States,Remote,2mo ago,No longer accepting applications,
7,Fractional GTM Operations Lead,Valoh,United States,Remote,2mo ago,No longer accepting applications,
7,"Product Manager, Entry Level",Jobright.ai,United States,Remote,2mo ago,No longer accepting applications,
7,Growth & Content,Piper AI,United States,Remote,2mo ago,No longer accepting applications,
7,Generative AI Agent Engineer (Remote),Solant,United States,Remote,2mo ago,No longer accepting applications,
7,GTM Engineer,AICRO,United States,Remote,3mo ago,No longer accepting applications,Application viewed
7,Business Development Manager,Freshtix,Atlanta Metropolitan Area,On-site,3mo ago,No longer accepting applications,Application viewed
8,Technical Sales Engineer,Durham Geo Slope Indicator (DGSI),"Tucker, GA",Hybrid,4mo ago,No longer accepting applications,Application viewed
8,Marketing / GTM Engineer,Wall Street Quants,United States,Remote,4mo ago,No longer accepting applications,
8,Growth Engineer,Crash Override,United States,Remote,4mo ago,No longer accepting applications,
8,AI Solutions Sales Specialist,CRMIT Solutions,"Atlanta, GA",On-site,4mo ago,No longer accepting applications,
8,Pre-Sales Engineer - Atlanta,Auctane,"Atlanta, GA",Remote,4mo ago,No longer accepting applications,
8,Growth Marketing,Verdent AI,United States,Remote,4mo ago,No longer accepting applications,
8,GTM Engineer,RevPilots,United States,Remote,4mo ago,No longer accepting applications,Application viewed
8,GTM Engineer,8X,United States,Remote,4mo ago,No longer accepting applications,Resume downloaded
8,GTM Engineer,2X,United States,Remote,4mo ago,No longer accepting applications,Application viewed
8,GTM Engineer,,United States,Remote,4mo ago,No longer accepting applications,
9,Sales Engineer,Bask Health,United States,Remote,4mo ago,No longer accepting applications,
9,GTM Engineer,AppGate,United States,Remote,4mo ago,No longer accepting applications,
9,GTM Engineer,Recur Software,United States,Remote,4mo ago,No longer accepting applications,
9,Marketing GTM Engineer,QuadSci.ai,United States,Remote,4mo ago,No longer accepting applications,Application viewed
9,GTM Lead,Crossing Hurdles,United States,Remote,4mo ago,No longer accepting applications,
9,GTM Engineer,Fractional Demand,"Lehi, UT",Remote,4mo ago,No longer accepting applications,Application viewed
9,Go To Market (GTM) Engineer / Outbound Pipeline Development,NetRise,United States,Remote,4mo ago,No longer accepting applications,Application viewed
9,GTM Engineer,DSQO,"Los Angeles, CA",On-site,4mo ago,No longer accepting applications,
9,GTM Engineer,Casper Studios,United States,Remote,5mo ago,No longer accepting applications,
9,Product Manager (Early Career),Jobright.ai,United States,Remote,5mo ago,No longer accepting applications,
10,Founding Sales Engineer,Scout Global,United States,Remote,5mo ago,No longer accepting applications,
10,Founding Sales Engineer,Propel,United States,Remote,5mo ago,No longer accepting applications,
10,GTM Planning & Operations Analyst,GitLab,United States,Remote,6mo ago,No longer accepting applications,
10,GTM GenAI Product Owner,Pegasystems,"Atlanta, GA",Remote,6mo ago,No longer accepting applications,
10,Demand Generation and Growth Marketing Manager,MICHELIN Connected Fleet,Atlanta Metropolitan Area,Hybrid,6mo ago,No longer accepting applications,
10,GTM Engineer (Growth & Sales),Databar.ai,United States,Remote,6mo ago,No longer accepting applications,
10,Founding GTM Account Executive,Flexbone,"Atlanta, GA",Remote,6mo ago,No longer accepting applications,
10,"Enterprise Solutions Engineer, Greater Atlanta Area",Verkada,"Atlanta, GA",,6mo ago,No longer accepting applications,
10,Growth Specialist,DevSignal,San Francisco Bay Area,Remote,6mo ago,No longer accepting applications,Application viewed
10,Field Sales Engineer - Southeast,Pickering Interfaces,"Georgia, United States",Remote,7mo ago,No longer accepting applications,Application viewed
