process_id,company,register,in_298,in_14,made_money,money_kind,origin_as_stated,origin_evidence,artifact_discovery_source,counterparties_artifact,counterparties_memory,live_interviews_artifact,memory_adds,notes
every-to,Every.to,application,yes,yes,no,none,GTM Cafe channel jobsandopportunities (someone posting job apps),memory,unknown,Austin,unknown,1,0,Census discovery_source remains unknown. Overlay records cafe origin as memory.
phrasiq,PhrasIQ,application,yes,yes,no,none,Wellfound,artifact,wellfound,unknown,Eddie,2,0,Discovery 30 min 2026-04-02; Deep Dive 60 min 2026-04-15. Eddie is memory only.
beautiful-ai,Beautiful.ai,application,yes,yes,no,none,unknown,artifact,unknown,Brandon Ness (HM); Emily (decline),,1,0,Subject named Emily as the interview. Artifact: Emily sent the decline; Brandon Ness interviewed.
pearl,Pearl,application,yes,yes,no,none,Garrett Wolfe referral GTM Cafe,memory,unknown,Alex DeCeglie (scheduler),Chris (round 2),2,0,Round 1 phone per mail; round 2 2026-05-18. Chris is memory.
great-question,Great Question,application,yes,yes,no,none,GTM Cafe channel jobsandopportunities,memory,unknown,Harri (screening),Harry,1,0,One calendar interview 2026-07-26.
dagster-labs,Dagster Labs,application,yes,yes,no,none,unknown,artifact,unknown,Delaney Housley,,1,phone medium is memory,No calendar event. Phone is memory.
truebuilt,TrueBuilt,application,yes,no,no,none,LinkedIn applied list then Loom to CEO,artifact,linkedin,Jon Sibley,,0,0,Application in 298. Later contract quote is consulting not an interview.
hologram,Hologram,application,yes,yes,no,none,unknown,artifact,unknown,Amy Schwartz; Derrick Calderon,,2,0,Subject did not restate this process. Frozen interview set.
hypergen,Hypergen,application,yes,yes,no,none,unknown,artifact,unknown,unknown,,1,0,Subject did not restate. Frozen interview set.
orchestry,Orchestry,application,yes,yes,no,none,unknown,artifact,unknown,unknown,,1,0,Subject did not restate. Frozen interview set.
revspring,RevSpring,application,yes,yes,no,none,unknown,artifact,unknown,unknown,,1,0,LinkedIn inbound 2026-05-29 ghosted; later Newton receipt and screen. In the 14.
testgorilla,TestGorilla,application,yes,yes,no,none,unknown,artifact,unknown,unknown,,1,0,Subject did not restate. Frozen interview set.
weave,Weave,application,yes,yes,no,none,unknown,artifact,unknown,unknown,,1,0,Greenhouse receipt exists. Do not treat as recruiter-only.
hartleyco,HartleyCo,application,yes,yes,no,none,recruiter,artifact,recruiter_inbound,Josh Kelly,,1,0,Client Bluejay on decline. Subject did not restate.
jobmail-io,jobmail.io,application,yes,yes,no,none,unknown,artifact,unknown,Jack,,1,0,Subject did not restate. Frozen interview set.
glytec,Glytec,opportunity,no,no,no,none,LinkedIn DMs with CEO Patrick F. Cua,artifact,recruiter_inbound,Patrick F. Cua; Clayton Maike,,1,0,No ATS. Outside the 14.
the-hog,The Hog,opportunity,no,no,no,none,unknown,artifact,unknown,Hudson Liao,,1,0,One live interview plus take-home. LinkedIn applied-list row is opportunity.
pin,Pin,opportunity,no,no,no,none,GTM Cafe channel jobsandopportunities,memory,recruiter_inbound,Erica Stacy Tarwater; Conor Kline,,2,0,Origin is memory. Interviews are calendar.
hotglue,Hotglue,opportunity,no,no,no,none,YC Work at a Startup,artifact,yc_wfs,Kevin Wright,,1,0,yc_wfs in meetings file. Not in LinkedIn 54-thread analysis.
opsin,Opsin,opportunity,no,no,no,none,Colossus Technology Group,artifact,recruiter_inbound,Adrianna Iadarola; McKenzie; James Pham,Colossus phone alignment,1,1 memory round,James Pham dated. First Colossus phone round is memory.
the-kiln,The Kiln,opportunity,no,no,no,none,GTM Engineer School testimonial,artifact,referral,Giorgio Zanella (intro); Patrick Spychalski,Giorgio interview,1,1 memory round,Patrick dated. Giorgio as interview is memory; Giorgio as introducer is artifact.
mercor-contract,Mercor,opportunity,no,no,yes,hourly_contract,Claire Gauthier recruiter inbound,artifact,recruiter_inbound,Claire Gauthier; Daniel Luo,David Lou (misheard),3 Claire plus 1 Daniel,0,Name on calendar is Daniel Luo. Contract 2026-08-21. Separate from Mercor marketplace rows in the 298.
workos,WorkOS,opportunity,no,no,no,none,recruiter (TopHire and later agency DM),artifact,recruiter_inbound,Somya Shruti; Siddharth Gopi,,0,0,Booking link in DMs; no evidenced call in this tree. Stays opportunity.
adam-andrewjeski,unknown,opportunity,no,no,no,none,Clay Cafe now GTM Cafe,memory,newsletter_community,Adam Andrewjeski,,1,classification is memory,Calendar 2025-06-18. No company. Minted as overlay opportunity.
doug-shankman,unknown,opportunity,no,no,no,none,GTM Cafe,memory,newsletter_community,Doug Shankman,,1,classification is memory,Calendar 2025-10-27. Informal plus CRO idea.
mixmax,Mixmax,employment,no,no,yes,contractor_gtm,GTM Engineer School,artifact,unknown,Heath Barnett,,1,interview label is memory,No Agenda Meeting 2025-08-14 then service agreement. Exclusion from 298 stands.
mobb,Mobb,employment,no,no,yes,employment,unknown,artifact,unknown,unknown,,0,0,Gusto first-day. Not a search application. Kellen meeting was prep for this.
kivira,Kivira.health,consulting,no,no,yes,three_month_gtm_contract,Josh Pappas,memory,unknown,Maria; NxtCare Chris,Josh Pappas,0,0,GTM Overview and weekly outbound on calendar. Not a search interview.
bcofa,BCOFA,consulting,no,no,no,unpaid_fizzled,Josh Pappas; prior engagements before window,memory,unknown,Dr. Blaney; Josh Pappas,,0,0,Calendar 2026-03-06. No money.
jorge-macias,GTM-engineering.io,communal,no,no,no,none,GTM Engineering School TA,artifact,unknown,Jorge Macias,,0,0,Recurring calendar. Mentorship. Not a job.
kellen-casebeer,The Deal Lab,communal,no,no,no,none,Clay Cafe founder and GTM Engineering School TA,memory,unknown,Kellen Casebeer,,0,0,Calendar 2025-06-16. Mobb prep. Not a search opportunity.
