Severity,Finding,Evidence,Impact,Treatment,Manual follow-up?
HIGH — RESOLVED,"The formal LinkedIn export and the normalized LinkedIn source category now both count 107, but their membership differs.",The export has 107 distinct job IDs. Freshtix job ID 4416695523 is source-classified as Jobright.ai; AnyInt AI is supported by an application-response thread without an export job ID.,Equal headline counts could otherwise imply a false one-to-one population match.,Document the reconciliation as: 107 formal IDs − Freshtix + AnyInt AI = 107 LinkedIn-classified records after the The Hog wrapper merge.,No
LOW,The LinkedIn message-export conversation count validates.,"The source contains 5,262 messages overall; 1,670 messages fall inside the audit window across exactly 497 conversations.","The markdown's 497-conversation claim is supported, though 5,262 describes the full export rather than only in-window messages.",Documented the precise grain and counts.,No
LOW,The Jobright log is structurally valid.,"40 rows, 40 companies, zero exact company/role/date duplicates; 31 were applied by agent.",Safe for row-level reconciliation.,Merged all 40 records.,No
HIGH,Cross-platform duplication was substantial.,"23 LinkedIn application records and 34 Jobright records matched existing opportunities; only 84 and 6, respectively, created new rows.",Summing platform totals would materially overstate reconstructed application-process records.,Merged only supported matches and retained source evidence in each consolidated row.,Yes
HIGH,The LinkedIn thread analysis omitted a confirmed Mixmax GTM Engineer contract opportunity.,"The full LinkedIn export explicitly shows Heath Barnett proposing contract work and a contract-to-full-time GTM Engineer path on 2025-08-13. Gmail confirms one completed hiring conversation, a signed service agreement on 2025-09-04, and paid work.",The narrative report was incomplete despite calling its thread list complete.,Added Mixmax as an OFFER with the corrected first-opportunity date.,Yes
MEDIUM,The LinkedIn thread analysis omitted the Vivi Brown role.,Gmail confirms a LinkedIn-origin Director of Global Business Development approach on 2026-05-02.,Thread-level opportunity coverage was incomplete.,Added one GHOSTED opportunity.,Yes
MEDIUM,Phone Screen is not a completed-interview measure.,Only Opsin and The Hog were independently confirmed completed among the seven rows labeled Phone Screen.,Treating all seven as completed would overstate interview conversion.,Kept interview counts UNKNOWN without completion evidence.,Yes
MEDIUM,One LinkedIn thread has mixed opportunity grain.,"The per_1c50a16713f2 row combines AirOps openings, an AirOps GTME role, and thecannonproject recruiting.",The current combined ledger may undercount that relationship by one or more opportunities.,Retained one flagged row pending manual split.,Yes
MEDIUM,Potential duplicate postings remain intentionally separate pending requisition-level evidence.,Pogo has three GTM Engineer receipts across Gem and Ashby; talentpluto has two same-day job IDs; additional reapplication clusters remain flagged.,The 353-record checkpoint may still exceed the number of unique employer requisitions.,"Preserve separate records, normalize company identity, and require requisition IDs or equivalent evidence before another merge.",Yes
MEDIUM,A possible 2025-08-08 interview remains unidentified.,"per_2ab2fdaf5537 wrote 'Good luck for tomorrow,' but the thread supplies no company or role.",Interview totals may still be understated.,Excluded from numeric totals pending identification.,Yes
MEDIUM,Source freshness ends before the audit endpoint.,The LinkedIn export was generated 2026-08-23; activity from 2026-08-24 through 2026-08-30 is not covered by that export.,Recent LinkedIn applications/messages may be missing.,Label LinkedIn source coverage through 2026-08-23.,Yes
HIGH — RESOLVED,The per_6d523f811622 row duplicated the Teleport GTM Engineer application.,The Teleport ATS confirmation and the LinkedIn 'just applied' message to Andrew occurred minutes apart on 2026-04-14.,The prior ledger overstated unique opportunities by one.,Merged the LinkedIn evidence into the existing Teleport row and removed the duplicate opportunity.,No
HIGH — RESOLVED,The per_110491e97aa7 thread did not evidence a specific in-window opportunity.,"In-window messages revived a 2020–2021 recruiter thread with a general video/resume but no company, role, or requisition.",The prior ledger overstated unique opportunities by one.,Removed it from the combined ledger and retained it in the excluded/quarantined audit trail.,No
HIGH — RESOLVED,Fifteen previously unresolved opportunity rows now have evidence-backed functional titles.,"Receipts, same-period job recommendations/newsletters, archived listings, and matching public hiring posts supplied role evidence.",The unresolved-role population falls from 25 rows to 8 after the two validity removals.,Accepted the titles with explicit resolution notes; Apollo retains a level/book uncertainty and The Workflow Company retains a formal-title caveat.,No
HIGH — RESOLVED,The per_e4b688b984ea opportunity was attributed to the wrong company.,The matching founder hiring post identifies The Workflow Company and an AI/GTM automation generalist engagement.,Company and role-lane reporting were inaccurate for one row.,"Corrected the company, functional role, source label, dedup key, and notes.",No
HIGH — RESOLVED,Three legal-name wrapper pairs duplicated the same application processes.,"The Hog/The Hog (YC F25), Huzzle/Huzzle.com, and AppGate/AppGate Cybersecurity, Inc. shared exact titles and dates with continuous cross-source process evidence.","The prior 356-row ledger overstated reconstructed records by three and inflated GHOSTED, GTM Engineering, and Founding GTM counts.","Merged the three pairs, retained job IDs and process evidence, and rebased the workbook to 353 records.",No
MEDIUM — OPEN,The Pogo company-normalization cluster remains unresolved.,"Three GTM Engineer records dated 2026-06-04, 2026-06-26, and 2026-07-08 span Gem and Ashby receipts without requisition IDs.",Unique requisitions may range from one to three inside this cluster.,"Keep all three records, normalize company identity analytically, and avoid calling 353 a final unique-opening count.",Yes
HIGH — OPEN,GHOSTED is an overloaded residual rather than one employer behavior.,"The category mixes applied-then-silence, inbound recruiter non-response, outreach inactivity, applicant non-response, and some ongoing/scheduled processes.",The GHOSTED total cannot be interpreted as an applied-and-ignored rate without a behavior split.,Add a separate ghost-behavior field before publishing a ghost rate; retain GHOSTED only as the current coarse status.,Yes
MEDIUM — OPEN,Interview Count encodes different states in one column.,"Numeric zero means zero completed rounds, UNKNOWN means insufficient evidence, and scheduling evidence does not prove attendance. Fifteen opportunities total 19 numeric rounds; Weave supplies the bridge to a minimum of 20; Pierre remains unattached.","Interview conversion can be misstated if opportunities, completed rounds, and scheduled rounds are conflated.","Split completed rounds, scheduled rounds, attendance state, and evidence confidence in a future schema revision.",Yes
MEDIUM — OPEN,Several status and timing edge cases require adjudication.,Tripleseat was stamped GHOSTED before 21 days at export; per_8e49f9ce8090 was marked GHOSTED while notes said Ongoing; 2X retained Phone Screen notes under GHOSTED.,Status counts are internally consistent but not yet behaviorally homogeneous.,Recode only after reviewing dated source evidence; meanwhile footnote these rows in any published analysis.,Yes
