Platform,Action,Company / Thread,Role,Date,Source Record ID,Matched/Base Key,Final Key,Confidence,Rationale
LinkedIn Threads,MERGED / REMOVED DUPLICATE,per_9a33cb2e6778 / RevSpring / 2026-05-29,—,—,—,"RevSpring + Lead, Agentic Operations + GTM Engineering + 2026-06-23","RevSpring + Lead, Agentic Operations + GTM Engineering + 2026-05-29",High,"Same company and exact role; Gmail confirms applications on Jun 4 and Jun 23, with a Jun 15 message saying prior recruiter contacts were unanswered. Treated as one opening/reapplication thread."
LinkedIn Threads,ADDED FROM LINKEDIN,per_9db8338eca56 / Speakeasy Inc. / 2025-06-17,—,—,—,—,Speakeasy Inc. + Sales Consultant + 2025-06-17,High,No sufficiently supported match in the 219-row ledger.
LinkedIn Threads,ADDED FROM LINKEDIN,per_2209a6edb4d8 / Thrivent / 2025-06-23,—,—,—,—,Thrivent + Financial Advisor + 2025-06-23,Medium,No sufficiently supported match in the 219-row ledger.
LinkedIn Threads,ADDED FROM LINKEDIN,per_4a1aca043b81 → per_950db4b78993 / UNKNOWN — per_950db4b78993's company / 2025-07-01,—,—,—,—,UNKNOWN — per_950db4b78993's company + GTM Engineer + 2025-07-01,High,No sufficiently supported match in the 219-row ledger.
LinkedIn Threads,ADDED FROM LINKEDIN,per_e51055796e91 / Cyft / 2025-07-08,—,—,—,—,Cyft + Growth team role + 2025-07-08,Medium,No sufficiently supported match in the 219-row ledger.
LinkedIn Threads,ADDED FROM LINKEDIN,per_80470c6017a0 / Protecht / 2025-07-17,—,—,—,—,Protecht + SDR — Outbound Enterprise B2B + 2025-07-17,High,No sufficiently supported match in the 219-row ledger.
LinkedIn Threads,ADDED FROM LINKEDIN,per_1c50a16713f2 / AirOps → thecannonproject / 2025-07-24,—,—,—,—,AirOps → thecannonproject + GTM Engineer + 2025-07-24,High,No sufficiently supported match in the 219-row ledger.
LinkedIn Threads,MERGED INTO EXISTING,per_256c539cee37 / Starbridge / 2025-07-28,—,—,—,Starbridge + Founding GTM Engineer + 2025-07-25,Starbridge + Founding GTM Engineer + 2025-07-25,High,"Company, role, chronology, and narrative align across LinkedIn and the non-excluded audit."
LinkedIn Threads,ADDED FROM LINKEDIN,per_cf485281aa8e / AutoLeap / 2025-08-04,—,—,—,—,AutoLeap + Sales Development Representative + 2025-08-04,High,No sufficiently supported match in the 219-row ledger.
LinkedIn Threads,ADDED FROM LINKEDIN,per_d41190230326 / Outlier / 2025-08-06,—,—,—,—,Outlier + Part-Time Graphic Design (remote gig) + 2025-08-06,Medium,No sufficiently supported match in the 219-row ledger.
LinkedIn Threads,ADDED FROM LINKEDIN,per_e92870805d56 / Soliant / 2025-08-07,—,—,—,—,"Soliant + Account Executive (Atlanta, GA) + 2025-08-07",High,No sufficiently supported match in the 219-row ledger.
LinkedIn Threads,ADDED FROM LINKEDIN,per_34d052de57d1 / WorkOS / 2025-08-25,—,—,—,—,WorkOS + GTM Engineer (remote) + 2025-08-25,High,No sufficiently supported match in the 219-row ledger.
LinkedIn Threads,ADDED FROM LINKEDIN,per_c2fa784a3619 / Unknown / 2025-08-31,—,—,—,—,Unknown + Unspecified (GTM-adjacent) + 2025-08-31,Medium,No sufficiently supported match in the 219-row ledger.
LinkedIn Threads,ADDED FROM LINKEDIN,per_4ac9a3152740 / UNKNOWN — financial agency / 2025-09-24,—,—,—,—,UNKNOWN — financial agency + Financial professional (remote) + 2025-09-24,Medium,No sufficiently supported match in the 219-row ledger.
LinkedIn Threads,ADDED FROM LINKEDIN,per_aec4f99dfc89 / UNKNOWN — Flexton client / 2025-10-02,—,—,—,—,UNKNOWN — Flexton client + Enablement Lead + 2025-10-02,High,No sufficiently supported match in the 219-row ledger.
LinkedIn Threads,ADDED FROM LINKEDIN,per_d6d740bb1b83 / Ambient.ai / 2025-10-09,—,—,—,—,"Ambient.ai + GTM Engineer (first-ever, remote) + 2025-10-09",High,No sufficiently supported match in the 219-row ledger.
LinkedIn Threads,ADDED FROM LINKEDIN,per_a530a533299b / Unknown / 2025-11-07,—,—,—,—,"Unknown + AI Enablement Specialist (Atlanta, hybrid) + 2025-11-07",High,No sufficiently supported match in the 219-row ledger.
LinkedIn Threads,ADDED FROM LINKEDIN,Outlier / Outlier / 2025-11-21,—,—,—,—,Outlier + Short-term image annotation (freelance) + 2025-11-21,Medium,No sufficiently supported match in the 219-row ledger.
LinkedIn Threads,ADDED FROM LINKEDIN,per_be9ed474c455 / Capital Linguists / 2025-11-23,—,—,—,—,Capital Linguists + Part-time SDR/BDR (contractor) + 2025-11-23,High,No sufficiently supported match in the 219-row ledger.
LinkedIn Threads,ADDED FROM LINKEDIN,per_c7f7673850f6 / UNKNOWN — agency client / 2026-01-05,—,—,—,—,"UNKNOWN — agency client + Sales Development Representative (Alpharetta, GA) + 2026-01-05",High,No sufficiently supported match in the 219-row ledger.
LinkedIn Threads,ADDED FROM LINKEDIN,per_648a39346310 / UNKNOWN — per_648a39346310 referral / 2026-01-06,—,—,—,—,"UNKNOWN — per_648a39346310 referral + SDR (Atlanta, hybrid) + 2026-01-06",High,No sufficiently supported match in the 219-row ledger.
LinkedIn Threads,MERGED INTO EXISTING,per_5864edd8d1eb / Glytec / 2026-01-21,—,—,—,Glytec + GTM Engineer + 2026-01-22,Glytec + GTM Engineer + 2026-01-21,High,"Company, role, chronology, and narrative align across LinkedIn and the non-excluded audit."
LinkedIn Threads,ADDED FROM LINKEDIN,per_342b3fd74701 / Handshake AI Fellowship / 2026-02-11,—,—,—,—,Handshake AI Fellowship + Sales & Marketing Professionals project (remote) + 2026-02-11,Medium,No sufficiently supported match in the 219-row ledger.
LinkedIn Threads,ADDED FROM LINKEDIN,per_63213c5fe064 / IBM / 2026-02-27,—,—,—,—,IBM + Brand Technical Sales Specialist (Brookhaven/Atlanta) + 2026-02-27,High,No sufficiently supported match in the 219-row ledger.
LinkedIn Threads,ADDED FROM LINKEDIN,per_1dfe7af83245 / TheKiln / 2026-03-03,—,—,—,—,TheKiln + GTM Engineer + 2026-03-03,High,No sufficiently supported match in the 219-row ledger.
LinkedIn Threads,ADDED FROM LINKEDIN,per_85ce3b5e7e8b / New York Life / 2026-03-04,—,—,—,—,New York Life + Financial Advisor / Fast-Track-to-Management + 2026-03-04,Medium,No sufficiently supported match in the 219-row ledger.
LinkedIn Threads,ADDED FROM LINKEDIN,per_f87ef433aef5 / UNKNOWN — digital product builder / 2026-03-07,—,—,—,—,UNKNOWN — digital product builder + Unspecified + 2026-03-07,Medium,No sufficiently supported match in the 219-row ledger.
LinkedIn Threads,MERGED INTO EXISTING,per_83a65c6fe4d6 / Virtru / 2026-03-09,—,—,—,Virtru + Director of Go-to-Market AI + 2026-03-09,Virtru + Director of Go-to-Market AI + 2026-03-09,High,"Company, role, chronology, and narrative align across LinkedIn and the non-excluded audit."
LinkedIn Threads,ADDED FROM LINKEDIN,per_e4b688b984ea / Parallel / 2026-03-09,—,—,—,—,Parallel + Unspecified + 2026-03-09,High,No sufficiently supported match in the 219-row ledger.
LinkedIn Threads,MERGED INTO EXISTING,per_d67cf0441d23 / Opsin Security / 2026-03-09,—,—,—,Opsin Security + GTM Engineer + 2026-03-12,Opsin Security + GTM Engineer + 2026-03-09,High,"Company, role, chronology, and narrative align across LinkedIn and the non-excluded audit."
LinkedIn Threads,ADDED FROM LINKEDIN,per_f25d88915b87 / New York Life / 2026-03-17,—,—,—,—,New York Life + Unspecified (financial) + 2026-03-17,Medium,No sufficiently supported match in the 219-row ledger.
LinkedIn Threads,ADDED FROM LINKEDIN,per_c1316df91476 / 2X / 2026-04-27,—,—,—,—,"2X + GTM Engineer (Clay-centric, client portfolio) + 2026-04-27",High,No sufficiently supported match in the 219-row ledger.
LinkedIn Threads,ADDED FROM LINKEDIN,per_5df87ec336ec / Best Version Media / 2026-05-06,—,—,—,—,Best Version Media + Sales Specialist + 2026-05-06,Medium,No sufficiently supported match in the 219-row ledger.
LinkedIn Threads,ADDED FROM LINKEDIN,per_13f4bab176da / Aptean / 2026-05-20,—,—,—,—,Aptean + Revenue Operations Analyst – GTM AI + 2026-05-20,High,No sufficiently supported match in the 219-row ledger.
LinkedIn Threads,EXCLUDED — NO OPPORTUNITY,per_0a694f9257f4 / UNKNOWN — per_0a694f9257f4' company / 2026-05-21,—,—,—,—,—,High,The contact explicitly said the company was not hiring.
LinkedIn Threads,ADDED FROM LINKEDIN,per_b0dcd893b225 / AICRO / 2026-05-25,—,—,—,—,AICRO + GTM Engineer + 2026-05-25,High,No sufficiently supported match in the 219-row ledger.
LinkedIn Threads,ADDED FROM LINKEDIN,per_e63747829297 / Aptean / 2026-05-28,—,—,—,—,Aptean + Revenue Operations (Clay experience) + 2026-05-28,High,No sufficiently supported match in the 219-row ledger.
LinkedIn Threads,MERGED INTO EXISTING,per_9a33cb2e6778 / RevSpring / 2026-05-29,—,—,—,"RevSpring + Lead, Agentic Operations + GTM Engineering + 2026-06-04","RevSpring + Lead, Agentic Operations + GTM Engineering + 2026-05-29",High,"Company, role, chronology, and narrative align across LinkedIn and the non-excluded audit."
LinkedIn Threads,ADDED FROM LINKEDIN,per_a0d440162c3c / AnyInt AI / 2026-06-09,—,—,—,—,AnyInt AI + Founding Sales (fully remote) + 2026-06-09,High,No sufficiently supported match in the 219-row ledger.
LinkedIn Threads,MERGED INTO EXISTING,per_114ee740dd72 / The Hog / 2026-06-04,—,—,—,The Hog + GTM Engineer + 2026-06-15,The Hog + Founding GTM Engineer + 2026-06-04,High,"Company, role, chronology, and narrative align across LinkedIn and the non-excluded audit."
LinkedIn Threads,ADDED FROM LINKEDIN,per_763be7951c28 / Sage / 2026-06-19,—,—,—,—,Sage + BDR + 2026-06-19,High,No sufficiently supported match in the 219-row ledger.
LinkedIn Threads,ADDED FROM LINKEDIN,per_bc5fbbaba16d / TrueBuilt / 2026-06-21,—,—,—,—,TrueBuilt + GTM Engineer + 2026-06-21,High,No sufficiently supported match in the 219-row ledger.
LinkedIn Threads,ADDED FROM LINKEDIN,per_23ae91cab5b7 / Melavex / 2026-06-24,—,—,—,—,Melavex + Founding GTM Lead + 2026-06-24,High,No sufficiently supported match in the 219-row ledger.
LinkedIn Threads,MERGED INTO EXISTING,per_a29074236ed0 / Gradient Labs / 2026-06-25,—,—,—,Gradient Labs + GTM Engineer + 2026-07-21,Gradient Labs + GTM Engineer + 2026-06-25,Medium-High,Same company and GTM job description; later application/rejection evidence names GTM Engineer. Earliest outreach date retained.
LinkedIn Threads,ADDED FROM LINKEDIN,per_ce79cc832bea / UNKNOWN — Series B warehouse-intelligence startup / 2026-06-29,—,—,—,—,UNKNOWN — Series B warehouse-intelligence startup + Revenue Operations Specialist (US remote) + 2026-06-29,High,No sufficiently supported match in the 219-row ledger.
LinkedIn Threads,MERGED INTO EXISTING,per_116da8a1a585 / Patch / 2026-07-13,—,—,—,Patch + Growth Engineering Lead + 2026-07-13,Patch + Growth Engineering Lead + 2026-07-13,High,"Company, role, chronology, and narrative align across LinkedIn and the non-excluded audit."
LinkedIn Threads,ADDED FROM LINKEDIN,per_43e045a39cba / UNKNOWN — financial team / 2026-07-14,—,—,—,—,UNKNOWN — financial team + Unspecified + 2026-07-14,Medium,No sufficiently supported match in the 219-row ledger.
LinkedIn Threads,ADDED FROM LINKEDIN,per_7f9f994fb43d / UNKNOWN — hospice client / 2026-07-15,—,—,—,—,"UNKNOWN — hospice client + Hospice Account Executive (West Atlanta, GA) + 2026-07-15",High,No sufficiently supported match in the 219-row ledger.
LinkedIn Threads,ADDED FROM LINKEDIN,per_400754f4c012 / Claudomat / 2026-07-22,—,—,—,—,Claudomat + GTM Engineer + 2026-07-22,High,No sufficiently supported match in the 219-row ledger.
LinkedIn Threads,ADDED FROM LINKEDIN,per_e3d6df446d72 / Azul / 2026-07-28,—,—,—,—,"Azul + Marketing AI Specialist (100% remote, 4-month contract) + 2026-07-28",High,No sufficiently supported match in the 219-row ledger.
LinkedIn Threads,ADDED FROM LINKEDIN,per_8e49f9ce8090 / UNKNOWN — construction/fabrication SaaS / 2026-07-28,—,—,—,—,UNKNOWN — construction/fabrication SaaS + Senior Revenue Operations Engineer + 2026-07-28,High,No sufficiently supported match in the 219-row ledger.
LinkedIn Threads,ADDED FROM LINKEDIN,per_fc6fb77178ce / Global Financial Impact / 2026-07-28,—,—,—,—,"Global Financial Impact + Business Development Representative (1099, remote) + 2026-07-28",Medium,No sufficiently supported match in the 219-row ledger.
LinkedIn Threads,ADDED FROM LINKEDIN,per_c0757b6d3dd8 / UNKNOWN — Fortune 500 client / 2026-08-13,—,—,—,—,"UNKNOWN — Fortune 500 client + Outbound Sales Consultant III (hybrid, Atlanta) + 2026-08-13",High,No sufficiently supported match in the 219-row ledger.
LinkedIn Threads,ADDED — SOURCE OMISSION CORRECTED,Mixmax,—,—,—,Previously excluded/not tabulated,Mixmax + GTM Engineer (contract) + 2025-08-26,High,"The LinkedIn report mentions Heath/Mixmax only in its narrative patterns, not in the 54-row table. Gmail confirms Heath raised a GTME role on 2025-08-26; one completed hiring conversation occurred 2025-08-14; a service agreement was signed 2025-09-04 and paid contract work followed."
LinkedIn Threads,ADDED — SOURCE OMISSION CORRECTED,UNKNOWN — Vivi Brown San Diego technology startup,—,—,—,Previously excluded/not tabulated,UNKNOWN — Vivi Brown San Diego technology startup + Director of Global Business Development + 2026-05-02,High,"Previously excluded solely because it originated on LinkedIn. Gmail confirms a specific role and company description; the user replied with availability, but no later activity was found."
LinkedIn Applications,MERGED,Verkada,"Enterprise Solutions Engineer, Greater Atlanta Area",2026-02-04,4287210385,"Verkada + Enterprise Solutions Engineer, Greater Atlanta Area + 2026-02-04","Verkada + Enterprise Solutions Engineer, Greater Atlanta Area + 2026-02-04",High,HIGH company/role/date match to existing ledger row.
LinkedIn Applications,ADDED,DevSignal,Growth Specialist,2026-01-26,4355705805,—,DevSignal + Growth Specialist + 2026-01-26,High,No supported existing opportunity match.
LinkedIn Applications,ADDED,JetBridge AI,Sr. SDR for Profitable AI Startup,2025-07-03,4253955472,—,JetBridge AI + Sr. SDR for Profitable AI Startup + 2025-07-03,High,No supported existing opportunity match.
LinkedIn Applications,ADDED,Casper Studios,GTM Engineer,2026-03-23,4381059333,—,Casper Studios + GTM Engineer + 2026-03-23,High,No supported existing opportunity match.
LinkedIn Applications,ADDED,Abacus.AI,Senior Sales Development Representative,2025-07-07,4248933333,—,Abacus.AI + Senior Sales Development Representative + 2025-07-07,High,No supported existing opportunity match.
LinkedIn Applications,ADDED,ScoutLab.io,"Brand New Role! - AI FinTech Heavyweight! - Solutions Engineer  – Series B equity - $150k Base, Generous Bonus Structure -Remote – EST and CST Only",2025-06-30,4259485146,—,"ScoutLab.io + Brand New Role! - AI FinTech Heavyweight! - Solutions Engineer  – Series B equity - $150k Base, Generous Bonus Structure -Remote – EST and CST Only + 2025-06-30",High,No supported existing opportunity match.
LinkedIn Applications,MERGED,PandaDoc,GTM Engineer,2026-03-30,4369211319,PandaDoc + GTM Engineer + 2026-03-30,PandaDoc + GTM Engineer + 2026-03-30,High,HIGH company/role/date match to existing ledger row.
LinkedIn Applications,ADDED,Databar.ai,GTM Engineer (Growth & Sales),2025-06-14,4233227991,—,Databar.ai + GTM Engineer (Growth & Sales) + 2025-06-14,High,No supported existing opportunity match.
LinkedIn Applications,MERGED,Gigs,Solutions Engineer,2025-06-30,4256302106,Gigs + UNKNOWN + 2025-06-30,Gigs + Solutions Engineer + 2025-06-30,High,Exact company and date; LinkedIn supplies the previously missing role title.
LinkedIn Applications,ADDED,Databar.ai,GTM Engineer (Growth & Sales),2026-02-10,4361842646,—,Databar.ai + GTM Engineer (Growth & Sales) + 2026-02-10,High,No supported existing opportunity match.
LinkedIn Applications,ADDED,Brainfish,Sales Development Representative (SDR) – Dive into AI with Brainfish!,2025-07-07,4258745247,—,Brainfish + Sales Development Representative (SDR) – Dive into AI with Brainfish! + 2025-07-07,High,No supported existing opportunity match.
LinkedIn Applications,MERGED,Applause,Enterprise SDR,2025-07-07,4226839920,Applause + Enterprise SDR + 2025-07-08,Applause + Enterprise SDR + 2025-07-07,High,HIGH company/role/date match to existing ledger row.
LinkedIn Applications,ADDED,MICHELIN Connected Fleet,Demand Generation and Growth Marketing Manager,2026-02-10,4371060559,—,MICHELIN Connected Fleet + Demand Generation and Growth Marketing Manager + 2026-02-10,High,No supported existing opportunity match.
LinkedIn Applications,ADDED,Pegasystems,GTM GenAI Product Owner,2026-02-10,4363036469,—,Pegasystems + GTM GenAI Product Owner + 2026-02-10,High,No supported existing opportunity match.
LinkedIn Applications,ADDED,Flexbone,Founding GTM Account Executive,2026-02-08,4365767593,—,Flexbone + Founding GTM Account Executive + 2026-02-08,High,No supported existing opportunity match.
LinkedIn Applications,ADDED,Bitovi,AI Enablement Engineer,2025-06-30,4248506953,—,Bitovi + AI Enablement Engineer + 2025-06-30,High,No supported existing opportunity match.
LinkedIn Applications,ADDED,ClosedWon Talent,Founding Account Executive,2025-07-08,4264156893,—,ClosedWon Talent + Founding Account Executive + 2025-07-08,High,No supported existing opportunity match.
LinkedIn Applications,ADDED,Insignia Assets,Head of Digital,2025-11-18,4323010631,—,Insignia Assets + Head of Digital + 2025-11-18,High,No supported existing opportunity match.
LinkedIn Applications,MERGED,proteanTecs,Sales Development Representative,2025-08-04,4279583412,proteanTecs + Sales Development Representative + 2025-08-08,proteanTecs + Sales Development Representative + 2025-08-04,High,HIGH company/role/date match to existing ledger row.
LinkedIn Applications,ADDED,Propel,Founding Sales Engineer,2026-03-05,4377712415,—,Propel + Founding Sales Engineer + 2026-03-05,High,No supported existing opportunity match.
LinkedIn Applications,ADDED,Pickering Interfaces,Field Sales Engineer - Southeast,2026-01-20,4350074781,—,Pickering Interfaces + Field Sales Engineer - Southeast + 2026-01-20,High,No supported existing opportunity match.
LinkedIn Applications,MERGED,DISQO,GTM Engineer,2026-03-27,4385292987,DISQO + GTM Engineer + 2026-03-31,DISQO + GTM Engineer + 2026-03-27,High,HIGH company/role/date match to existing ledger row.
LinkedIn Applications,ADDED,Datricks,Sales Engineer - US (Remote),2025-06-20,4251747717,—,Datricks + Sales Engineer - US (Remote) + 2025-06-20,High,No supported existing opportunity match.
LinkedIn Applications,ADDED,JetBridge AI,Sr. SDR for Profitable AI Startup,2025-07-07,4263460747,—,JetBridge AI + Sr. SDR for Profitable AI Startup + 2025-07-07,High,No supported existing opportunity match.
LinkedIn Applications,ADDED,SWARM,Sales Engineer,2025-07-09,4262182906,—,SWARM + Sales Engineer + 2025-07-09,High,No supported existing opportunity match.
LinkedIn Applications,ADDED,Scout Global,Founding Sales Engineer,2026-03-05,4373132807,—,Scout Global + Founding Sales Engineer + 2026-03-05,High,No supported existing opportunity match.
LinkedIn Applications,ADDED,Logicbroker,AI GTM Engineer,2026-07-12,4433617553,—,Logicbroker + AI GTM Engineer + 2026-07-12,High,No supported existing opportunity match.
LinkedIn Applications,MERGED,Auctane,Pre-Sales Engineer - Atlanta,2026-04-10,4362136934,Auctane + Pre-Sales Engineer - Atlanta + 2026-04-10,Auctane + Pre-Sales Engineer - Atlanta + 2026-04-10,High,HIGH company/role/date match to existing ledger row.
LinkedIn Applications,ADDED,Recur Software,GTM Engineer,2026-04-06,4383852596,—,Recur Software + GTM Engineer + 2026-04-06,High,No supported existing opportunity match.
LinkedIn Applications,MERGED,talentpluto,Go-to-Market Engineer,2026-07-12,4438813846,talentpluto + Go-to-Market Engineer + 2026-07-12,talentpluto + Go-to-Market Engineer + 2026-07-12,High,HIGH company/role/date match to existing ledger row.
LinkedIn Applications,ADDED,Hartfiel Automation,Sales Engineer,2026-06-22,4429539770,—,Hartfiel Automation + Sales Engineer + 2026-06-22,High,No supported existing opportunity match.
LinkedIn Applications,ADDED,Jobright.ai,AI Engineer,2026-06-04,4424269580,—,Jobright.ai + AI Engineer + 2026-06-04,High,No supported existing opportunity match.
LinkedIn Applications,MERGED,Adaptive6,Sales Engineer,2026-06-04,4391888373,Adaptive6 + Sales Engineer + 2026-06-04,Adaptive6 + Sales Engineer + 2026-06-04,High,HIGH company/role/date match to existing ledger row.
LinkedIn Applications,ADDED,SOLAYA,GTM Engineer,2026-06-07,4420626352,—,SOLAYA + GTM Engineer + 2026-06-07,High,No supported existing opportunity match.
LinkedIn Applications,MERGED,Uncapped,GTM Engineer,2026-08-22,4453144912,Uncapped + GTM Engineer + 2026-08-22,Uncapped + GTM Engineer + 2026-08-22,High,HIGH company/role/date match to existing ledger row.
LinkedIn Applications,ADDED,The Vincit Group,Systems Engineering and Sales,2026-06-21,4420136034,—,The Vincit Group + Systems Engineering and Sales + 2026-06-21,High,No supported existing opportunity match.
LinkedIn Applications,MERGED,Melavex,Founding GTM Lead,2026-06-24,4427560845,Melavex + Founding GTM Lead + 2026-06-24,Melavex + Founding GTM Lead + 2026-06-24,High,HIGH company/role/date match to existing ledger row.
LinkedIn Applications,MERGED,Attentive,GTM Engineer,2026-06-22,4389964157,Attentive + GTM Engineer + 2026-06-22,Attentive + GTM Engineer + 2026-06-22,High,HIGH company/role/date match to existing ledger row.
LinkedIn Applications,ADDED,Inworld AI,GTM Lead,2026-07-06,4360055693,—,Inworld AI + GTM Lead + 2026-07-06,High,No supported existing opportunity match.
LinkedIn Applications,ADDED,AppGate,GTM Engineer,2026-04-06,4393579449,—,AppGate + GTM Engineer + 2026-04-06,High,No supported existing opportunity match.
LinkedIn Applications,ADDED,Entelligence.AI,Founding GTM,2026-07-12,4429363758,—,Entelligence.AI + Founding GTM + 2026-07-12,High,No supported existing opportunity match.
LinkedIn Applications,ADDED,Durham Geo Slope Indicator (DGSI),Technical Sales Engineer,2026-06-21,4418281073,—,Durham Geo Slope Indicator (DGSI) + Technical Sales Engineer + 2026-06-21,High,No supported existing opportunity match.
LinkedIn Applications,ADDED,Huzzle.com,GTM Engineer,2026-06-04,4422680810,—,Huzzle.com + GTM Engineer + 2026-06-04,High,No supported existing opportunity match.
LinkedIn Applications,ADDED,Scout Global,Forward Deployed Engineer,2026-06-04,4415272670,—,Scout Global + Forward Deployed Engineer + 2026-06-04,High,No supported existing opportunity match.
LinkedIn Applications,ADDED,Fractional Demand,GTM Engineer,2026-03-31,4392111555,—,Fractional Demand + GTM Engineer + 2026-03-31,High,No supported existing opportunity match.
LinkedIn Applications,ADDED,RTScale AI,Founding Growth Lead,2026-06-17,4429730979,—,RTScale AI + Founding Growth Lead + 2026-06-17,High,No supported existing opportunity match.
LinkedIn Applications,ADDED,HartleyCo,GTM Engineer,2026-07-12,4433942058,—,HartleyCo + GTM Engineer + 2026-07-12,High,No supported existing opportunity match.
LinkedIn Applications,ADDED,SoTalent,Generative AI Agent Engineer (Remote),2026-05-26,4415219033,—,SoTalent + Generative AI Agent Engineer (Remote) + 2026-05-26,High,No supported existing opportunity match.
LinkedIn Applications,ADDED,MAJC✨,Revenue Operations & Business Development,2026-06-04,4422637582,—,MAJC✨ + Revenue Operations & Business Development + 2026-06-04,High,No supported existing opportunity match.
LinkedIn Applications,ADDED,Taste Labs,Growth Lead,2026-07-12,4428044935,—,Taste Labs + Growth Lead + 2026-07-12,High,No supported existing opportunity match.
LinkedIn Applications,ADDED,Lyra Health,Senior GTM Enablement Specialist,2026-06-04,4422091179,—,Lyra Health + Senior GTM Enablement Specialist + 2026-06-04,High,No supported existing opportunity match.
LinkedIn Applications,ADDED,Kana,GTM Engineer,2026-07-12,4427085765,—,Kana + GTM Engineer + 2026-07-12,High,No supported existing opportunity match.
LinkedIn Applications,ADDED,RevPilots,GTM Engineer,2026-04-09,4399435968,—,RevPilots + GTM Engineer + 2026-04-09,High,No supported existing opportunity match.
LinkedIn Applications,MERGED,Jobgether,GTM Engineer,2026-06-22,4427466730,Jobgether + GTM Engineer + 2026-06-22,Jobgether + GTM Engineer + 2026-06-22,High,HIGH company/role/date match to existing ledger row.
LinkedIn Applications,ADDED,Bask Health,Sales Engineer,2026-04-06,4389308174,—,Bask Health + Sales Engineer + 2026-04-06,High,No supported existing opportunity match.
LinkedIn Applications,ADDED,Robert Half,Go-To-Market Lead,2026-06-24,4426606510,—,Robert Half + Go-To-Market Lead + 2026-06-24,High,No supported existing opportunity match.
LinkedIn Applications,ADDED,Coverwatch,Founding GTM,2026-07-12,4425678611,—,Coverwatch + Founding GTM + 2026-07-12,High,No supported existing opportunity match.
LinkedIn Applications,ADDED,Duckbill,Founding Sales / GTM,2026-07-07,4436847982,—,Duckbill + Founding Sales / GTM + 2026-07-07,High,No supported existing opportunity match.
LinkedIn Applications,ADDED,Ritz Instrument Transformers USA,Sales Engineer,2026-06-22,4404203312,—,Ritz Instrument Transformers USA + Sales Engineer + 2026-06-22,High,No supported existing opportunity match.
LinkedIn Applications,MERGED,Armada,"AI Factory, Value Engineer",2026-06-22,4420247062,"Armada + AI Factory, Value Engineer + 2026-06-22","Armada + AI Factory, Value Engineer + 2026-06-22",High,HIGH company/role/date match to existing ledger row.
LinkedIn Applications,MERGED,talentpluto,GTM Engineer,2026-07-12,4434255520,talentpluto + GTM Engineer + 2026-07-12,talentpluto + GTM Engineer + 2026-07-12,High,"Exact company, exported title, and date match to the separate ATS-confirmed talentpluto application."
LinkedIn Applications,ADDED,GridBank,GTM Engineer,2026-06-04,4404318566,—,GridBank + GTM Engineer + 2026-06-04,High,No supported existing opportunity match.
LinkedIn Applications,MERGED,AICRO,GTM Engineer,2026-05-25,4419107568,AICRO + GTM Engineer + 2026-05-25,AICRO + GTM Engineer + 2026-05-25,High,HIGH company/role/date match to existing ledger row.
LinkedIn Applications,ADDED,The Hog (YC F25),Founding GTM Engineer,2026-06-04,4421369110,—,The Hog (YC F25) + Founding GTM Engineer + 2026-06-04,High,No supported existing opportunity match.
LinkedIn Applications,ADDED,TechLinkSphere,Micro-SaaS Launch & Growth Engineer,2026-07-06,4436063352,—,TechLinkSphere + Micro-SaaS Launch & Growth Engineer + 2026-07-06,High,No supported existing opportunity match.
LinkedIn Applications,ADDED,Freshtix,Business Development Manager,2026-05-19,4416695523,—,Freshtix + Business Development Manager + 2026-05-19,High,No supported existing opportunity match.
LinkedIn Applications,ADDED,DripShop,Growth Lead - User Acquisition,2026-06-21,4430091744,—,DripShop + Growth Lead - User Acquisition + 2026-06-21,High,No supported existing opportunity match.
LinkedIn Applications,ADDED,Durham Geo Slope Indicator (DGSI),Technical Sales Engineer,2026-04-19,4389562890,—,Durham Geo Slope Indicator (DGSI) + Technical Sales Engineer + 2026-04-19,High,No supported existing opportunity match.
LinkedIn Applications,MERGED,TrueBuilt,GTM Engineer,2026-06-21,4428082624,TrueBuilt + GTM Engineer + 2026-06-21,TrueBuilt + GTM Engineer + 2026-06-21,High,HIGH company/role/date match to existing ledger row.
LinkedIn Applications,ADDED,Verdent AI,Growth Marketing,2026-04-10,4399890339,—,Verdent AI + Growth Marketing + 2026-04-10,High,No supported existing opportunity match.
LinkedIn Applications,MERGED,Wall Street Quants,Marketing / GTM Engineer,2026-04-16,4402656770,WallStreetQuants + Marketing / GTM Engineer + 2026-04-17,WallStreetQuants + Marketing / GTM Engineer + 2026-04-16,High,HIGH company/role/date match to existing ledger row.
LinkedIn Applications,ADDED,Piper AI,Growth & Content,2026-05-26,4419427998,—,Piper AI + Growth & Content + 2026-05-26,High,No supported existing opportunity match.
LinkedIn Applications,ADDED,IntelliPro,Founding Sales - AI Generic,2026-06-04,4412148637,—,IntelliPro + Founding Sales - AI Generic + 2026-06-04,High,No supported existing opportunity match.
LinkedIn Applications,ADDED,Sidepocket,Go-To-Market Growth Engineer,2026-07-12,4434887595,—,Sidepocket + Go-To-Market Growth Engineer + 2026-07-12,High,No supported existing opportunity match.
LinkedIn Applications,MERGED,BX Studio,GTM Engineer,2026-04-06,4396642778,BX Studio + GTM Engineer + 2026-04-08,BX Studio + GTM Engineer + 2026-04-06,High,HIGH company/role/date match to existing ledger row.
LinkedIn Applications,MERGED,2X,GTM Engineer,2026-04-06,4378539250,"2X + GTM Engineer (Clay-centric, client portfolio) + 2026-04-27","2X + GTM Engineer (Clay-centric, client portfolio) + 2026-04-06",High,MEDIUM company/role/date match to existing ledger row.
LinkedIn Applications,ADDED,Elios AI,Senior Forward Deployed Engineer,2026-07-18,4436839048,—,Elios AI + Senior Forward Deployed Engineer + 2026-07-18,High,No supported existing opportunity match.
LinkedIn Applications,ADDED,Jobright.ai,"Product Manager, Entry Level",2026-05-26,4418256672,—,"Jobright.ai + Product Manager, Entry Level + 2026-05-26",High,No supported existing opportunity match.
LinkedIn Applications,ADDED,Nudge AI,Growth Lead,2026-07-12,4396375043,—,Nudge AI + Growth Lead + 2026-07-12,High,No supported existing opportunity match.
LinkedIn Applications,ADDED,Evolution USA,Forward Deplyed Engineer (FDE) - Applied AI / GenAI (Remote),2026-06-04,4424240607,—,Evolution USA + Forward Deplyed Engineer (FDE) - Applied AI / GenAI (Remote) + 2026-06-04,High,No supported existing opportunity match.
LinkedIn Applications,ADDED,HorizonAI Talent,Forward Deployed Engineer,2026-06-22,4430934105,—,HorizonAI Talent + Forward Deployed Engineer + 2026-06-22,High,No supported existing opportunity match.
LinkedIn Applications,ADDED,Greenway Collins,GTM Engineer | Remote (US),2026-06-08,4425484374,—,Greenway Collins + GTM Engineer | Remote (US) + 2026-06-08,High,No supported existing opportunity match.
LinkedIn Applications,ADDED,The Biological Computing Co. (TBC),Lead Sales and Product Engineer,2026-07-12,4430873489,—,The Biological Computing Co. (TBC) + Lead Sales and Product Engineer + 2026-07-12,High,No supported existing opportunity match.
LinkedIn Applications,ADDED,Fractional Demand,GTM Engineer,2026-07-26,4444497996,—,Fractional Demand + GTM Engineer + 2026-07-26,High,No supported existing opportunity match.
LinkedIn Applications,ADDED,Human Delta,Founding GTM Engineer,2026-07-12,4379699068,—,Human Delta + Founding GTM Engineer + 2026-07-12,High,No supported existing opportunity match.
LinkedIn Applications,ADDED,Franklin Fitch,AI Training and Adoption Consultant,2026-06-22,4429984671,—,Franklin Fitch + AI Training and Adoption Consultant + 2026-06-22,High,No supported existing opportunity match.
LinkedIn Applications,ADDED,Ailytics,Revenue Operations (RevOps) Specialist,2026-07-22,4438496260,—,Ailytics + Revenue Operations (RevOps) Specialist + 2026-07-22,High,No supported existing opportunity match.
LinkedIn Applications,ADDED,Light Labs,"GTM Engineer, Agents",2026-07-12,4377633056,—,"Light Labs + GTM Engineer, Agents + 2026-07-12",High,No supported existing opportunity match.
LinkedIn Applications,ADDED,Massive,GTM,2026-07-12,4438841359,—,Massive + GTM + 2026-07-12,High,No supported existing opportunity match.
LinkedIn Applications,ADDED,Crash Override,Growth Engineer,2026-04-16,4402520314,—,Crash Override + Growth Engineer + 2026-04-16,High,No supported existing opportunity match.
LinkedIn Applications,ADDED,Kognitos,Senior Solutions Engineer,2026-06-03,4423062275,—,Kognitos + Senior Solutions Engineer + 2026-06-03,High,No supported existing opportunity match.
LinkedIn Applications,ADDED,NetRise,Go To Market (GTM) Engineer / Outbound Pipeline Development,2026-03-31,4391881176,—,NetRise + Go To Market (GTM) Engineer / Outbound Pipeline Development + 2026-03-31,High,No supported existing opportunity match.
LinkedIn Applications,ADDED,Roc Search,Founding GTM Strategy,2026-06-22,4431766172,—,Roc Search + Founding GTM Strategy + 2026-06-22,High,No supported existing opportunity match.
LinkedIn Applications,ADDED,CRMIT Solutions,Ai Solutions Sales Specialist,2026-04-10,4394347364,—,CRMIT Solutions + Ai Solutions Sales Specialist + 2026-04-10,High,No supported existing opportunity match.
LinkedIn Applications,ADDED,Crossing Hurdles,GTM Lead,2026-04-01,2147622960,—,Crossing Hurdles + GTM Lead + 2026-04-01,High,No supported existing opportunity match.
LinkedIn Applications,ADDED,"Method Recruiting, a 3x Inc. 5000 company",Founding GTM Engineer,2026-07-12,4432661212,—,"Method Recruiting, a 3x Inc. 5000 company + Founding GTM Engineer + 2026-07-12",High,No supported existing opportunity match.
LinkedIn Applications,ADDED,COLOSSUS TECHNOLOGY GROUP,GTM Engineer,2026-04-06,4385958618,—,COLOSSUS TECHNOLOGY GROUP + GTM Engineer + 2026-04-06,High,No supported existing opportunity match.
LinkedIn Applications,ADDED,Hermetic AI,"Sales Development Representative - Atlanta, GA",2026-06-25,4431305953,—,"Hermetic AI + Sales Development Representative - Atlanta, GA + 2026-06-25",High,No supported existing opportunity match.
LinkedIn Applications,ADDED,Company.ai,GTM Sales Lead,2026-07-06,4360396738,—,Company.ai + GTM Sales Lead + 2026-07-06,High,No supported existing opportunity match.
LinkedIn Applications,ADDED,Stealth Startup,GTM Leader / Head of Growth [33260],2026-07-12,4433920623,—,Stealth Startup + GTM Leader / Head of Growth [33260] + 2026-07-12,High,No supported existing opportunity match.
LinkedIn Applications,ADDED,Hippocratic AI,Deployment Strategist,2026-06-24,4422676328,—,Hippocratic AI + Deployment Strategist + 2026-06-24,High,No supported existing opportunity match.
LinkedIn Applications,ADDED,QuadSci,Marketing GTM Engineer,2026-04-06,4389770201,—,QuadSci + Marketing GTM Engineer + 2026-04-06,High,No supported existing opportunity match.
LinkedIn Applications,ADDED,Doomers AI,Founding GTM,2026-07-26,4444837068,—,Doomers AI + Founding GTM + 2026-07-26,High,No supported existing opportunity match.
LinkedIn Applications,ADDED,Block+Tackle,Forward Deployed Marketing Engineer,2026-08-22,4439438328,—,Block+Tackle + Forward Deployed Marketing Engineer + 2026-08-22,High,No supported existing opportunity match.
LinkedIn Applications,ADDED,Valoh,Fractional GTM Operations Lead,2026-06-03,4423070262,—,Valoh + Fractional GTM Operations Lead + 2026-06-03,High,No supported existing opportunity match.
LinkedIn Applications,ADDED,Vi,Sr. Forward Deployed Engineer,2026-06-04,4424011681,—,Vi + Sr. Forward Deployed Engineer + 2026-06-04,High,No supported existing opportunity match.
LinkedIn Applications,ADDED,Baton AI,Founding GTM,2026-07-12,4432139171,—,Baton AI + Founding GTM + 2026-07-12,High,No supported existing opportunity match.
Jobright,ADDED,Axon,Key Account Executive,2026-01-02,Applied by Agent,—,Axon + Key Account Executive + 2026-01-02,High,No supported match in the prior ledger or LinkedIn application export.
Jobright,ADDED,Autodesk,"Sr. Sales Specialist, Fusion Enterprise",2026-01-02,Applied by Agent,—,"Autodesk + Sr. Sales Specialist, Fusion Enterprise + 2026-01-02",High,No supported match in the prior ledger or LinkedIn application export.
Jobright,MERGED,Thomson Reuters,"Account Executive, Tax or Risk Products",2026-01-02,Applied by Agent,"Thomson Reuters + Account Executive, Tax or Risk + 2026-01-02","Thomson Reuters + Account Executive, Tax or Risk + 2026-01-02",High,HIGH company/role/date match to the prior ledger.
Jobright,MERGED,Foursquare,Account Executive,2026-01-02,Applied by Agent,"Foursquare + Account Executive, New Business + 2026-01-02","Foursquare + Account Executive, New Business + 2026-01-02",High,MEDIUM company/role/date match to the prior ledger.
Jobright,MERGED,Primer,Senior Business Development Manager - North America,2025-12-09,Manual/Unspecified,Primer + UNKNOWN + 2025-12-09,Primer + Senior Business Development Manager - North America + 2025-12-09,High,Exact company and near-identical date; Jobright supplies the missing role title.
Jobright,MERGED,Replit,Sales Engineer,2025-07-27,Manual/Unspecified,Replit + Sales Engineer + 2025-07-27,Replit + Sales Engineer + 2025-07-27,High,HIGH company/role/date match to the prior ledger.
Jobright,MERGED,Stedi,GTM Strategy & Operations,2025-07-27,Manual/Unspecified,Stedi + UNKNOWN + 2025-07-27,Stedi + GTM Strategy & Operations + 2025-07-27,High,Exact company and near-identical date; Jobright supplies the missing role title.
Jobright,MERGED,Volley,Senior Business Development Manager,2025-07-27,Manual/Unspecified,Volley + UNKNOWN + 2025-07-27,Volley + Senior Business Development Manager + 2025-07-27,High,Exact company and near-identical date; Jobright supplies the missing role title.
Jobright,MERGED,Anaconda,Senior Business Development Representative,2025-07-27,Manual/Unspecified,Anaconda + Senior Business Development Representative + 2025-07-27,Anaconda + Senior Business Development Representative + 2025-07-27,High,HIGH company/role/date match to the prior ledger.
Jobright,MERGED,90 Seconds,(Senior) Business Development Manager - Enterprise (US),2025-07-27,Manual/Unspecified,90 Seconds + UNKNOWN + 2025-07-27,90 Seconds + (Senior) Business Development Manager - Enterprise (US) + 2025-07-27,High,Exact company and near-identical date; Jobright supplies the missing role title.
Jobright,MERGED,Nebius,"Director, GTM - Physical AI",2026-05-20,Applied by Agent,"Nebius + Director, GTM - Physical AI + 2026-05-21","Nebius + Director, GTM - Physical AI + 2026-05-20",High,HIGH company/role/date match to the prior ledger.
Jobright,MERGED,DBeaver,GTM Engineer,2026-05-20,Applied by Agent,DBeaver + GTM Engineer + 2026-05-21,DBeaver + GTM Engineer + 2026-05-20,High,HIGH company/role/date match to the prior ledger.
Jobright,MERGED,FOSSA,GTM Engineer,2026-05-20,Applied by Agent,FOSSA + UNKNOWN + 2026-05-21,FOSSA + GTM Engineer + 2026-05-20,High,Exact company and near-identical date; Jobright supplies the missing role title.
Jobright,MERGED,Freshtix,Business Development Manager,2026-05-19,Not stated,Freshtix + Business Development Manager + 2026-05-19,Freshtix + Business Development Manager + 2026-05-19,High,"Exact company, role, and date match to the LinkedIn application export."
Jobright,MERGED,Unframe,GTM Engineer (Remote),2026-04-17,Not stated,Unframe + GTM Engineer (Remote) + 2026-04-17,Unframe + GTM Engineer (Remote) + 2026-04-17,High,HIGH company/role/date match to the prior ledger.
Jobright,ADDED,Jobright.ai,Product Manager (Early Career),2026-03-27,Direct Apply,—,Jobright.ai + Product Manager (Early Career) + 2026-03-27,High,No supported match in the prior ledger or LinkedIn application export.
Jobright,MERGED,Enlace Health,Sales Engineer,2026-06-24,Applied by Agent,Enlace Health + Sales Engineer + 2026-06-24,Enlace Health + Sales Engineer + 2026-06-24,High,HIGH company/role/date match to the prior ledger.
Jobright,MERGED,Onit,Sales Engineer,2026-05-21,Applied by Agent,"Onit, Inc. + Sales Engineer + 2026-05-21","Onit, Inc. + Sales Engineer + 2026-05-21",High,HIGH company/role/date match to the prior ledger.
Jobright,MERGED,ServiceTrade,GTM Engineer,2026-05-21,Applied by Agent,ServiceTrade + GTM Engineer + 2026-05-21,ServiceTrade + GTM Engineer + 2026-05-21,High,HIGH company/role/date match to the prior ledger.
Jobright,MERGED,TRACTIAN,Sales Engineer - Automation,2026-05-20,Applied by Agent,TRACTIAN + Sales Engineer - Automation + 2026-05-21,TRACTIAN + Sales Engineer - Automation + 2026-05-20,High,HIGH company/role/date match to the prior ledger.
Jobright,MERGED,Applied Systems,Sales Enablement GTM Readiness Lead,2026-05-20,Applied by Agent,Applied Systems + Sales Enablement GTM Readiness Lead + 2026-05-20,Applied Systems + Sales Enablement GTM Readiness Lead + 2026-05-20,High,HIGH company/role/date match to the prior ledger.
Jobright,MERGED,Pindrop,GTM Systems Platform Specialist,2026-05-20,Applied by Agent,Pindrop + GTM Systems Platform Specialist + 2026-05-21,Pindrop + GTM Systems Platform Specialist + 2026-05-20,High,HIGH company/role/date match to the prior ledger.
Jobright,ADDED,CoLab,Sales Engineer,2026-05-20,Applied by Agent,—,CoLab + Sales Engineer + 2026-05-20,High,No supported match in the prior ledger or LinkedIn application export.
Jobright,MERGED,VitalSource,AI Enablement Lead,2026-05-20,Applied by Agent,VitalSource + AI Enablement Lead + 2026-05-21,VitalSource + AI Enablement Lead + 2026-05-20,High,HIGH company/role/date match to the prior ledger.
Jobright,MERGED,Telnyx,"Growth Engineer, GTM AI",2026-05-20,Applied by Agent,Telnyx + UNKNOWN + 2026-05-21,"Telnyx + Growth Engineer, GTM AI + 2026-05-20",High,Exact company and near-identical date; Jobright supplies the missing role title.
Jobright,MERGED,Deepgram,GTM Engineer,2026-05-20,Applied by Agent,Deepgram + GTM Engineer + 2026-05-21,Deepgram + GTM Engineer + 2026-05-20,High,HIGH company/role/date match to the prior ledger.
Jobright,ADDED,MavenAI,GTM Engineer,2026-05-20,Applied by Agent,—,MavenAI + GTM Engineer + 2026-05-20,High,No supported match in the prior ledger or LinkedIn application export.
Jobright,MERGED,NiCE,AI Solution Strategist,2026-05-20,Applied by Agent,NICE + AI Solution Strategist + 2026-05-21,NICE + AI Solution Strategist + 2026-05-20,High,HIGH company/role/date match to the prior ledger.
Jobright,MERGED,Trase,"GTM Engineer, Healthcare",2026-06-26,Applied by Agent,"Trase + GTM Engineer, Healthcare + 2026-06-26","Trase + GTM Engineer, Healthcare + 2026-06-26",High,HIGH company/role/date match to the prior ledger.
Jobright,MERGED,WireScreen,Partnerships Manager,2026-06-24,Applied by Agent,WireScreen + Partnerships Manager + 2026-06-25,WireScreen + Partnerships Manager + 2026-06-24,High,HIGH company/role/date match to the prior ledger.
Jobright,ADDED,Vanco,GTM Enablement Manager,2026-06-24,Applied by Agent,—,Vanco + GTM Enablement Manager + 2026-06-24,High,No supported match in the prior ledger or LinkedIn application export.
Jobright,MERGED,MinIO,Business Development Representative - Enterprise,2026-06-24,Applied by Agent,MinIO + Business Development Representative - Enterprise + 2026-06-24,MinIO + Business Development Representative - Enterprise + 2026-06-24,High,HIGH company/role/date match to the prior ledger.
Jobright,MERGED,Clay,"Growth Strategist, Enterprise (Customer Success)",2026-06-24,Applied by Agent,"Clay + Growth Strategist, Enterprise (Customer Success) + 2026-06-24","Clay + Growth Strategist, Enterprise (Customer Success) + 2026-06-24",High,HIGH company/role/date match to the prior ledger.
Jobright,MERGED,UpGuard,SDR Manager (role based in Austin TX - relocation package),2026-06-24,Applied by Agent,UpGuard + SDR Manager (Austin; relocation available) + 2026-06-24,UpGuard + SDR Manager (Austin; relocation available) + 2026-06-24,High,MEDIUM company/role/date match to the prior ledger.
Jobright,MERGED,Tekion Corp,Senior Manager Inside Sales,2026-06-24,Applied by Agent,"Tekion + Senior Manager, Inside Sales + 2026-06-24","Tekion + Senior Manager, Inside Sales + 2026-06-24",High,HIGH company/role/date match to the prior ledger.
Jobright,MERGED,Automation Anywhere,Sales Engineer,2026-06-24,Applied by Agent,Automation Anywhere + Sales Engineer + 2026-06-24,Automation Anywhere + Sales Engineer + 2026-06-24,High,HIGH company/role/date match to the prior ledger.
Jobright,MERGED,Canals,Sales Manager,2026-06-24,Applied by Agent,Canals + Sales Manager + 2026-06-24,Canals + Sales Manager + 2026-06-24,High,HIGH company/role/date match to the prior ledger.
Jobright,MERGED,StackAI,Sales Engineer,2026-06-24,Applied by Agent,StackAI + Sales Engineer + 2026-06-24,StackAI + Sales Engineer + 2026-06-24,High,HIGH company/role/date match to the prior ledger.
Jobright,MERGED,OpenObserve,Growth Marketer,2026-06-24,Applied by Agent,OpenObserve Inc. + Growth Marketer + 2026-08-24,OpenObserve Inc. + Growth Marketer + 2026-06-24,High,MEDIUM company/role/date match to the prior ledger.
Jobright,MERGED,RevPartners,RevOps Strategist,2026-06-24,Applied by Agent,RevPartners + UNKNOWN + 2026-06-24,RevPartners + RevOps Strategist + 2026-06-24,High,Exact company and near-identical date; Jobright supplies the missing role title.
LinkedIn Threads,MERGED — EVIDENCE AMENDMENT,per_6d523f811622 / Teleport / 2026-04-14,—,—,—,Teleport + GTM Engineer + 2026-04-14,Teleport + GTM Engineer + 2026-04-14,High,The Teleport ATS confirmation and Andrew message occurred minutes apart and describe the same application.
LinkedIn Threads,EXCLUDED — NO SPECIFIC OPPORTUNITY,per_110491e97aa7 / Atlanta staffing / 2025-07-27,—,—,—,—,—,High,"The in-window messages revived a 2020–2021 recruiter thread with a general video/resume but named no company, role, or requisition."
LinkedIn Threads,CORRECTED — EVIDENCE AMENDMENT,per_e4b688b984ea / The Workflow Company / 2026-03-09,—,—,—,Parallel + Unspecified + 2026-03-09,The Workflow Company + AI/GTM Automation Generalist (part-time to full-time) + 2026-03-09,High,The matching founder hiring post identifies The Workflow Company and the functional scope; Parallel was incorrect.
LinkedIn Applications,MERGED — LEGAL-NAME NORMALIZATION,The Hog (YC F25) → The Hog,Founding GTM Engineer,46177,4421369110,The Hog (YC F25) + Founding GTM Engineer + 2026-06-04,The Hog + Founding GTM Engineer + 2026-06-04,High,"Same company identity, exact title, exact application date, and one continuous per_114ee740dd72 interview/take-home process. The job-ID wrapper was folded into the process-rich record."
LinkedIn Applications,MERGED — LEGAL-NAME NORMALIZATION,Huzzle.com → Huzzle,GTM Engineer,46177,4422680810,Huzzle.com + GTM Engineer + 2026-06-04,Huzzle + GTM Engineer + 2026-06-04,High,"Same company identity, exact title, exact date, and a Workable AI-video process downstream of the LinkedIn application."
LinkedIn Applications,MERGED — LEGAL-NAME NORMALIZATION,"AppGate Cybersecurity, Inc. → AppGate",GTM Engineer,46118,4393579449,"AppGate Cybersecurity, Inc. + GTM Engineer + 2026-04-06",AppGate + GTM Engineer + 2026-04-06,High,"Same company identity, exact title, exact date, and LinkedIn/Workable records representing one application process."
